session_id,segments,distance_km,mean_load_kg,mean_roughness_score,mean_context_score,peak_context_score,high_context_segments,mean_wear_multiplier,final_wear_score,estimated_remaining_km,overload_segments,service_alert,scenario,load_ratio
20260811_182606_294,19,0.37882845206602206,4000.0,52.90526315789474,51.1621052631579,70.0,0,1.5645263157894735,0.0059269334739265244,5555.22628147367,0,False,50% limit,0.5
20260811_212352_867,86,1.7123172670196682,4000.0,50.704651162790704,50.281860465116274,70.0,0,1.5535232558139536,0.026601648255927122,6916.181138135183,0,False,50% limit,0.5
20260811_224202_660,139,2.7648880387130257,4000.0,50.302158273381295,50.12086330935252,70.0,0,1.5515107913669064,0.042897832325207566,7481.819024526556,0,False,50% limit,0.5
20260811_182606_294,19,0.37882845206602206,6000.0,52.90526315789474,66.1621052631579,85.0,9,1.7409789473684212,0.006595392511732381,4999.670230374413,0,False,75% limit,0.75
20260811_212352_867,86,1.7123172670196682,6000.0,50.704651162790704,65.28186046511628,85.0,34,1.728875581395349,0.029604276534923764,6209.14851858421,0,False,75% limit,0.75
20260811_224202_660,139,2.7648880387130257,6000.0,50.302158273381295,65.12086330935252,85.0,49,1.7266618705035972,0.047740593165470926,6710.006673391148,0,False,75% limit,0.75
20260811_182606_294,19,0.37882845206602206,8000.0,52.90526315789474,81.1621052631579,100.0,15,1.9174315789473686,0.007263851549538239,4545.124370384111,0,False,100% limit,1.0
20260811_212352_867,86,1.7123172670196682,8000.0,50.704651162790704,80.28186046511628,100.0,66,1.904227906976744,0.032606904813920416,5633.235269648714,0,False,100% limit,1.0
20260811_224202_660,139,2.7648880387130257,8000.0,50.302158273381295,80.12086330935252,100.0,107,1.901812949640288,0.05258335400573429,6082.486407375503,0,False,100% limit,1.0
