session_id,segment_id,load_kg,data_origin
20260811_182606_294,0,4346.6,synthetic_debug_fixture
20260811_182606_294,1,4709.1,synthetic_debug_fixture
20260811_182606_294,2,4764.3,synthetic_debug_fixture
20260811_182606_294,3,4227.8,synthetic_debug_fixture
20260811_182606_294,4,4371.1,synthetic_debug_fixture
20260811_182606_294,5,4664.3,synthetic_debug_fixture
20260811_182606_294,6,4597.7,synthetic_debug_fixture
20260811_182606_294,7,4673.8,synthetic_debug_fixture
20260811_182606_294,8,4531.7,synthetic_debug_fixture
20260811_182606_294,9,4882.8,synthetic_debug_fixture
20260811_182606_294,10,4881.7,synthetic_debug_fixture
20260811_182606_294,11,4763.4,synthetic_debug_fixture
20260811_182606_294,12,4985.4,synthetic_debug_fixture
20260811_182606_294,13,4876.9,synthetic_debug_fixture
20260811_182606_294,14,4640.3,synthetic_debug_fixture
20260811_182606_294,15,4894.1,synthetic_debug_fixture
20260811_182606_294,16,4657.0,synthetic_debug_fixture
20260811_182606_294,17,5027.6,synthetic_debug_fixture
20260811_182606_294,18,4867.0,synthetic_debug_fixture
20260811_182606_294,19,4858.6,synthetic_debug_fixture
20260811_182606_294,20,4780.7,synthetic_debug_fixture
20260811_182606_294,21,5163.5,synthetic_debug_fixture
20260811_182606_294,22,4916.2,synthetic_debug_fixture
20260811_182606_294,23,4880.6,synthetic_debug_fixture
20260811_182606_294,24,4912.0,synthetic_debug_fixture
20260811_182606_294,25,5098.4,synthetic_debug_fixture
20260811_182606_294,26,5082.8,synthetic_debug_fixture
20260811_182606_294,27,5108.2,synthetic_debug_fixture
20260811_182606_294,28,5127.8,synthetic_debug_fixture
20260811_182606_294,29,5472.2,synthetic_debug_fixture
20260811_182606_294,30,4998.7,synthetic_debug_fixture
20260811_182606_294,31,4993.8,synthetic_debug_fixture
20260811_182606_294,32,4951.3,synthetic_debug_fixture
20260811_182606_294,33,5240.9,synthetic_debug_fixture
20260811_182606_294,34,5354.2,synthetic_debug_fixture
20260811_182606_294,35,5130.2,synthetic_debug_fixture
20260811_182606_294,36,5005.2,synthetic_debug_fixture
20260811_182606_294,37,5022.4,synthetic_debug_fixture
20260811_182606_294,38,5319.6,synthetic_debug_fixture
20260811_182606_294,39,5351.0,synthetic_debug_fixture
20260811_182606_294,40,5326.1,synthetic_debug_fixture
20260811_182606_294,41,5107.2,synthetic_debug_fixture
20260811_182606_294,42,5292.4,synthetic_debug_fixture
20260811_182606_294,43,5282.9,synthetic_debug_fixture
20260811_182606_294,44,5314.9,synthetic_debug_fixture
20260811_182606_294,45,5452.3,synthetic_debug_fixture
20260811_182606_294,46,5339.8,synthetic_debug_fixture
20260811_182606_294,47,5438.7,synthetic_debug_fixture
20260811_182606_294,48,5332.6,synthetic_debug_fixture
20260811_182606_294,49,5386.1,synthetic_debug_fixture
20260811_182606_294,50,5462.4,synthetic_debug_fixture
20260811_182606_294,51,5071.8,synthetic_debug_fixture
20260811_182606_294,52,5300.2,synthetic_debug_fixture
20260811_182606_294,53,5281.0,synthetic_debug_fixture
20260811_182606_294,54,5258.1,synthetic_debug_fixture
20260811_182606_294,55,5337.0,synthetic_debug_fixture
20260811_182606_294,56,5685.7,synthetic_debug_fixture
20260811_182606_294,57,5240.8,synthetic_debug_fixture
20260811_182606_294,58,5601.1,synthetic_debug_fixture
20260811_182606_294,59,5099.9,synthetic_debug_fixture
20260811_182606_294,60,5366.2,synthetic_debug_fixture
20260811_182606_294,61,5468.9,synthetic_debug_fixture
20260811_182606_294,62,5556.9,synthetic_debug_fixture
20260811_182606_294,63,5587.4,synthetic_debug_fixture
20260811_182606_294,64,5609.3,synthetic_debug_fixture
20260811_182606_294,65,5395.7,synthetic_debug_fixture
20260811_182606_294,66,5379.3,synthetic_debug_fixture
20260811_182606_294,67,5637.9,synthetic_debug_fixture
20260811_182606_294,68,5441.1,synthetic_debug_fixture
20260811_182606_294,69,5237.3,synthetic_debug_fixture
20260811_182606_294,70,5268.6,synthetic_debug_fixture
20260811_182606_294,71,5313.3,synthetic_debug_fixture
20260811_182606_294,72,5588.5,synthetic_debug_fixture
20260811_182606_294,73,5523.3,synthetic_debug_fixture
20260811_182606_294,74,5631.1,synthetic_debug_fixture
20260811_182606_294,75,5418.7,synthetic_debug_fixture
20260811_182606_294,76,5533.0,synthetic_debug_fixture
20260811_182606_294,77,5624.1,synthetic_debug_fixture
20260811_182606_294,78,5445.7,synthetic_debug_fixture
20260811_182606_294,79,5593.6,synthetic_debug_fixture
20260811_182606_294,80,5379.1,synthetic_debug_fixture
20260811_182606_294,81,5436.5,synthetic_debug_fixture
20260811_182606_294,82,5432.6,synthetic_debug_fixture
20260811_182606_294,83,5275.5,synthetic_debug_fixture
20260811_182606_294,84,5597.5,synthetic_debug_fixture
20260811_182606_294,85,5412.4,synthetic_debug_fixture
20260811_182606_294,86,5503.1,synthetic_debug_fixture
20260811_182606_294,87,5590.9,synthetic_debug_fixture
20260811_182606_294,88,5581.7,synthetic_debug_fixture
20260811_182606_294,89,5620.8,synthetic_debug_fixture
20260811_182606_294,90,5470.9,synthetic_debug_fixture
20260811_182606_294,91,5404.9,synthetic_debug_fixture
20260811_182606_294,92,5466.9,synthetic_debug_fixture
20260811_182606_294,93,5153.9,synthetic_debug_fixture
20260811_182606_294,94,5195.3,synthetic_debug_fixture
20260811_182606_294,95,5214.1,synthetic_debug_fixture
20260811_182606_294,96,5271.2,synthetic_debug_fixture
20260811_182606_294,97,5533.7,synthetic_debug_fixture
20260811_182606_294,98,5277.0,synthetic_debug_fixture
20260811_182606_294,99,5371.8,synthetic_debug_fixture
20260811_182606_294,100,5687.1,synthetic_debug_fixture
20260811_182606_294,101,5362.1,synthetic_debug_fixture
20260811_182606_294,102,5564.6,synthetic_debug_fixture
20260811_182606_294,103,5236.0,synthetic_debug_fixture
20260811_182606_294,104,5367.6,synthetic_debug_fixture
20260811_182606_294,105,5216.2,synthetic_debug_fixture
20260811_182606_294,106,5324.8,synthetic_debug_fixture
20260811_182606_294,107,5542.1,synthetic_debug_fixture
20260811_182606_294,108,5039.7,synthetic_debug_fixture
20260811_182606_294,109,5445.0,synthetic_debug_fixture
20260811_182606_294,110,5397.2,synthetic_debug_fixture
20260811_182606_294,111,5227.1,synthetic_debug_fixture
20260811_182606_294,112,5052.9,synthetic_debug_fixture
20260811_182606_294,113,5333.5,synthetic_debug_fixture
20260811_182606_294,114,5206.7,synthetic_debug_fixture
20260811_182606_294,115,5341.5,synthetic_debug_fixture
20260811_182606_294,116,5289.2,synthetic_debug_fixture
20260811_182606_294,117,5580.4,synthetic_debug_fixture
20260811_182606_294,118,5214.6,synthetic_debug_fixture
20260811_182606_294,119,5051.4,synthetic_debug_fixture
20260811_182606_294,120,5269.4,synthetic_debug_fixture
20260811_182606_294,121,5264.0,synthetic_debug_fixture
20260811_182606_294,122,5469.3,synthetic_debug_fixture
20260811_182606_294,123,5355.0,synthetic_debug_fixture
20260811_182606_294,124,5249.2,synthetic_debug_fixture
20260811_182606_294,125,5447.5,synthetic_debug_fixture
20260811_182606_294,126,4923.9,synthetic_debug_fixture
20260811_182606_294,127,5014.6,synthetic_debug_fixture
20260811_182606_294,128,4944.7,synthetic_debug_fixture
20260811_182606_294,129,5032.7,synthetic_debug_fixture
20260811_182606_294,130,4827.9,synthetic_debug_fixture
20260811_182606_294,131,5198.6,synthetic_debug_fixture
20260811_182606_294,132,5018.3,synthetic_debug_fixture
20260811_182606_294,133,4762.7,synthetic_debug_fixture
20260811_182606_294,134,4834.0,synthetic_debug_fixture
20260811_182606_294,135,5072.9,synthetic_debug_fixture
20260811_182606_294,136,5157.1,synthetic_debug_fixture
20260811_182606_294,137,5363.0,synthetic_debug_fixture
20260811_182606_294,138,5522.3,synthetic_debug_fixture
20260811_182606_294,139,5025.4,synthetic_debug_fixture
20260811_182606_294,140,4738.7,synthetic_debug_fixture
20260811_182606_294,141,4502.1,synthetic_debug_fixture
20260811_182606_294,142,4945.5,synthetic_debug_fixture
20260811_182606_294,143,4720.5,synthetic_debug_fixture
20260811_182606_294,144,4779.2,synthetic_debug_fixture
20260811_182606_294,145,4723.6,synthetic_debug_fixture
20260811_182606_294,146,4796.2,synthetic_debug_fixture
20260811_182606_294,147,5009.9,synthetic_debug_fixture
20260811_182606_294,148,4817.3,synthetic_debug_fixture
20260811_182606_294,149,4738.5,synthetic_debug_fixture
20260811_182606_294,150,4551.9,synthetic_debug_fixture
20260811_182606_294,151,4410.9,synthetic_debug_fixture
20260811_182606_294,152,4620.6,synthetic_debug_fixture
20260811_182606_294,153,4685.2,synthetic_debug_fixture
20260811_182606_294,154,5016.4,synthetic_debug_fixture
20260811_182606_294,155,4683.4,synthetic_debug_fixture
20260811_182606_294,156,4828.5,synthetic_debug_fixture
20260811_182606_294,157,4525.3,synthetic_debug_fixture
20260811_182606_294,158,4374.9,synthetic_debug_fixture
20260811_182606_294,159,4398.4,synthetic_debug_fixture
20260811_182606_294,160,4425.8,synthetic_debug_fixture
20260811_182606_294,161,4954.9,synthetic_debug_fixture
20260811_182606_294,162,4369.8,synthetic_debug_fixture
20260811_182606_294,163,4669.8,synthetic_debug_fixture
20260811_182606_294,164,4316.7,synthetic_debug_fixture
20260811_182606_294,165,4650.3,synthetic_debug_fixture
20260811_182606_294,166,4526.7,synthetic_debug_fixture
20260811_182606_294,167,4404.1,synthetic_debug_fixture
20260811_182606_294,168,4407.7,synthetic_debug_fixture
20260811_182606_294,169,4271.3,synthetic_debug_fixture
20260811_182606_294,170,4464.2,synthetic_debug_fixture
20260811_182606_294,171,4272.8,synthetic_debug_fixture
20260811_182606_294,172,4106.5,synthetic_debug_fixture
20260811_182606_294,173,4078.2,synthetic_debug_fixture
20260811_182606_294,174,4338.5,synthetic_debug_fixture
20260811_182606_294,175,4590.4,synthetic_debug_fixture
20260811_182606_294,176,4300.0,synthetic_debug_fixture
20260811_182606_294,177,4228.6,synthetic_debug_fixture
20260811_182606_294,178,4288.5,synthetic_debug_fixture
20260811_182606_294,179,4466.7,synthetic_debug_fixture
20260811_182606_294,180,4240.6,synthetic_debug_fixture
20260811_182606_294,181,4102.2,synthetic_debug_fixture
20260811_182606_294,182,4376.2,synthetic_debug_fixture
20260811_182606_294,183,4229.0,synthetic_debug_fixture
20260811_182606_294,184,4424.6,synthetic_debug_fixture
20260811_182606_294,185,4148.1,synthetic_debug_fixture
20260811_182606_294,186,3861.2,synthetic_debug_fixture
20260811_182606_294,187,3817.2,synthetic_debug_fixture
20260811_182606_294,188,4380.5,synthetic_debug_fixture
20260811_182606_294,189,4378.4,synthetic_debug_fixture
20260811_182606_294,190,3997.1,synthetic_debug_fixture
20260811_182606_294,191,3942.3,synthetic_debug_fixture
20260811_182606_294,192,4280.9,synthetic_debug_fixture
20260811_182606_294,193,3772.5,synthetic_debug_fixture
20260811_182606_294,194,3798.1,synthetic_debug_fixture
20260811_182606_294,195,4078.6,synthetic_debug_fixture
20260811_182606_294,196,3864.7,synthetic_debug_fixture
20260811_182606_294,197,3925.0,synthetic_debug_fixture
20260811_182606_294,198,3880.4,synthetic_debug_fixture
20260811_182606_294,199,3962.7,synthetic_debug_fixture
20260811_182606_294,200,4154.4,synthetic_debug_fixture
20260811_182606_294,201,3888.2,synthetic_debug_fixture
20260811_182606_294,202,3981.2,synthetic_debug_fixture
20260811_182606_294,203,3451.0,synthetic_debug_fixture
20260811_182606_294,204,3822.7,synthetic_debug_fixture
20260811_182606_294,205,3657.7,synthetic_debug_fixture
20260811_182606_294,206,3573.5,synthetic_debug_fixture
20260811_182606_294,207,3627.1,synthetic_debug_fixture
20260811_182606_294,208,3720.0,synthetic_debug_fixture
20260811_182606_294,209,3948.8,synthetic_debug_fixture
20260811_182606_294,210,3507.3,synthetic_debug_fixture
20260811_182606_294,211,3757.2,synthetic_debug_fixture
20260811_182606_294,212,3648.0,synthetic_debug_fixture
20260811_182606_294,213,3668.0,synthetic_debug_fixture
20260811_182606_294,214,3913.7,synthetic_debug_fixture
20260811_182606_294,215,3815.1,synthetic_debug_fixture
20260811_182606_294,216,3959.5,synthetic_debug_fixture
20260811_182606_294,217,3664.2,synthetic_debug_fixture
20260811_182606_294,218,3551.8,synthetic_debug_fixture
20260811_182606_294,219,3634.3,synthetic_debug_fixture
20260811_182606_294,220,3716.1,synthetic_debug_fixture
20260811_182606_294,221,3696.0,synthetic_debug_fixture
20260811_182606_294,222,3446.7,synthetic_debug_fixture
20260811_182606_294,223,3665.5,synthetic_debug_fixture
20260811_182606_294,224,3685.5,synthetic_debug_fixture
20260811_182606_294,225,4118.9,synthetic_debug_fixture
20260811_182606_294,226,3990.2,synthetic_debug_fixture
20260811_182606_294,227,3460.6,synthetic_debug_fixture
20260811_182606_294,228,3564.2,synthetic_debug_fixture
20260811_182606_294,229,3333.7,synthetic_debug_fixture
20260811_182606_294,230,3496.9,synthetic_debug_fixture
20260811_182606_294,231,3666.9,synthetic_debug_fixture
20260811_182606_294,232,3834.2,synthetic_debug_fixture
20260811_182606_294,233,3459.5,synthetic_debug_fixture
20260811_182606_294,234,3470.9,synthetic_debug_fixture
20260811_182606_294,235,3181.7,synthetic_debug_fixture
20260811_182606_294,236,3560.6,synthetic_debug_fixture
20260811_182606_294,237,3386.0,synthetic_debug_fixture
20260811_182606_294,238,3486.8,synthetic_debug_fixture
20260811_182606_294,239,3419.0,synthetic_debug_fixture
20260811_182606_294,240,3568.6,synthetic_debug_fixture
20260811_182606_294,241,3248.8,synthetic_debug_fixture
20260811_182606_294,242,3304.6,synthetic_debug_fixture
20260811_182606_294,243,3995.5,synthetic_debug_fixture
20260811_182606_294,244,3340.2,synthetic_debug_fixture
20260811_182606_294,245,3377.9,synthetic_debug_fixture
20260811_182606_294,246,3942.7,synthetic_debug_fixture
20260811_182606_294,247,4149.6,synthetic_debug_fixture
20260811_182606_294,248,3369.0,synthetic_debug_fixture
20260811_182606_294,249,3525.8,synthetic_debug_fixture
20260811_182606_294,250,3665.0,synthetic_debug_fixture
20260811_182606_294,251,3934.6,synthetic_debug_fixture
20260811_182606_294,252,3416.9,synthetic_debug_fixture
20260811_182606_294,253,3563.2,synthetic_debug_fixture
20260811_182606_294,254,3763.9,synthetic_debug_fixture
20260811_182606_294,255,3702.9,synthetic_debug_fixture
20260811_182606_294,256,3552.2,synthetic_debug_fixture
20260811_182606_294,257,3604.1,synthetic_debug_fixture
20260811_182606_294,258,3371.6,synthetic_debug_fixture
20260811_182606_294,259,3596.0,synthetic_debug_fixture
20260811_182606_294,260,3597.0,synthetic_debug_fixture
20260811_182606_294,261,3699.5,synthetic_debug_fixture
20260811_182606_294,262,3555.4,synthetic_debug_fixture
20260811_182606_294,263,3760.1,synthetic_debug_fixture
20260811_182606_294,264,3871.8,synthetic_debug_fixture
20260811_182606_294,265,3715.3,synthetic_debug_fixture
20260811_182606_294,266,3761.4,synthetic_debug_fixture
20260811_182606_294,267,3712.9,synthetic_debug_fixture
20260811_182606_294,268,3711.8,synthetic_debug_fixture
20260811_182606_294,269,3582.7,synthetic_debug_fixture
20260811_182606_294,270,3791.7,synthetic_debug_fixture
20260811_182606_294,271,3722.3,synthetic_debug_fixture
20260811_182606_294,272,4153.2,synthetic_debug_fixture
20260811_182606_294,273,4064.1,synthetic_debug_fixture
20260811_182606_294,274,3847.0,synthetic_debug_fixture
20260811_182606_294,275,3637.7,synthetic_debug_fixture
20260811_182606_294,276,3582.1,synthetic_debug_fixture
20260811_182606_294,277,4036.2,synthetic_debug_fixture
20260811_182606_294,278,3870.1,synthetic_debug_fixture
20260811_182606_294,279,3924.2,synthetic_debug_fixture
20260811_182606_294,280,3509.7,synthetic_debug_fixture
20260811_182606_294,281,4035.6,synthetic_debug_fixture
20260811_182606_294,282,3958.0,synthetic_debug_fixture
20260811_182606_294,283,3671.0,synthetic_debug_fixture
20260811_182606_294,284,3807.4,synthetic_debug_fixture
20260811_182606_294,285,3962.5,synthetic_debug_fixture
20260811_182606_294,286,3936.1,synthetic_debug_fixture
20260811_182606_294,287,3884.3,synthetic_debug_fixture
20260811_182606_294,288,3935.2,synthetic_debug_fixture
20260811_182606_294,289,3921.6,synthetic_debug_fixture
20260811_182606_294,290,4014.3,synthetic_debug_fixture
20260811_182606_294,291,4282.9,synthetic_debug_fixture
20260811_182606_294,292,3523.0,synthetic_debug_fixture
20260811_182606_294,293,3986.1,synthetic_debug_fixture
20260811_182606_294,294,4081.4,synthetic_debug_fixture
20260811_182606_294,295,4120.4,synthetic_debug_fixture
20260811_182606_294,296,4008.4,synthetic_debug_fixture
20260811_182606_294,297,3759.0,synthetic_debug_fixture
20260811_182606_294,298,4175.9,synthetic_debug_fixture
20260811_182606_294,299,4461.4,synthetic_debug_fixture
20260811_182606_294,300,3852.2,synthetic_debug_fixture
20260811_182606_294,301,4329.7,synthetic_debug_fixture
20260811_182606_294,302,4118.0,synthetic_debug_fixture
20260811_182606_294,303,4186.7,synthetic_debug_fixture
20260811_182606_294,304,4013.8,synthetic_debug_fixture
20260811_182606_294,305,4169.4,synthetic_debug_fixture
20260811_182606_294,306,4501.0,synthetic_debug_fixture
20260811_182606_294,307,4381.1,synthetic_debug_fixture
20260811_182606_294,308,4619.9,synthetic_debug_fixture
20260811_182606_294,309,4531.4,synthetic_debug_fixture
20260811_182606_294,310,4407.8,synthetic_debug_fixture
20260811_182606_294,311,4676.6,synthetic_debug_fixture
20260811_182606_294,312,4444.4,synthetic_debug_fixture
20260811_182606_294,313,4537.5,synthetic_debug_fixture
20260811_182606_294,314,4340.1,synthetic_debug_fixture
20260811_182606_294,315,4428.3,synthetic_debug_fixture
20260811_182606_294,316,4300.2,synthetic_debug_fixture
20260811_182606_294,317,4642.8,synthetic_debug_fixture
20260811_182606_294,318,4245.2,synthetic_debug_fixture
20260811_182606_294,319,4640.3,synthetic_debug_fixture
20260811_182606_294,320,4472.2,synthetic_debug_fixture
20260811_182606_294,321,4752.4,synthetic_debug_fixture
20260811_212352_867,0,5110.0,synthetic_debug_fixture
20260811_212352_867,1,4927.3,synthetic_debug_fixture
20260811_212352_867,2,4511.7,synthetic_debug_fixture
20260811_212352_867,3,4827.2,synthetic_debug_fixture
20260811_212352_867,4,4641.5,synthetic_debug_fixture
20260811_212352_867,5,4793.3,synthetic_debug_fixture
20260811_212352_867,6,5209.3,synthetic_debug_fixture
20260811_212352_867,7,5067.7,synthetic_debug_fixture
20260811_212352_867,8,4837.1,synthetic_debug_fixture
20260811_212352_867,9,4802.5,synthetic_debug_fixture
20260811_212352_867,10,5029.1,synthetic_debug_fixture
20260811_212352_867,11,4814.6,synthetic_debug_fixture
20260811_212352_867,12,4944.6,synthetic_debug_fixture
20260811_212352_867,13,5158.4,synthetic_debug_fixture
20260811_212352_867,14,5345.0,synthetic_debug_fixture
20260811_212352_867,15,5264.5,synthetic_debug_fixture
20260811_212352_867,16,4731.9,synthetic_debug_fixture
20260811_212352_867,17,5254.1,synthetic_debug_fixture
20260811_212352_867,18,5233.0,synthetic_debug_fixture
20260811_212352_867,19,5321.8,synthetic_debug_fixture
20260811_212352_867,20,5575.4,synthetic_debug_fixture
20260811_212352_867,21,4891.4,synthetic_debug_fixture
20260811_212352_867,22,5196.0,synthetic_debug_fixture
20260811_212352_867,23,5444.6,synthetic_debug_fixture
20260811_212352_867,24,5048.6,synthetic_debug_fixture
20260811_212352_867,25,5656.3,synthetic_debug_fixture
20260811_212352_867,26,5463.9,synthetic_debug_fixture
20260811_212352_867,27,5575.5,synthetic_debug_fixture
20260811_212352_867,28,5322.5,synthetic_debug_fixture
20260811_212352_867,29,5607.1,synthetic_debug_fixture
20260811_212352_867,30,5674.2,synthetic_debug_fixture
20260811_212352_867,31,5531.4,synthetic_debug_fixture
20260811_212352_867,32,5548.8,synthetic_debug_fixture
20260811_212352_867,33,5572.3,synthetic_debug_fixture
20260811_212352_867,34,5370.5,synthetic_debug_fixture
20260811_212352_867,35,5523.3,synthetic_debug_fixture
20260811_212352_867,36,5537.1,synthetic_debug_fixture
20260811_212352_867,37,5654.1,synthetic_debug_fixture
20260811_212352_867,38,5786.0,synthetic_debug_fixture
20260811_212352_867,39,5403.6,synthetic_debug_fixture
20260811_212352_867,40,5595.1,synthetic_debug_fixture
20260811_212352_867,41,5915.1,synthetic_debug_fixture
20260811_212352_867,42,5498.7,synthetic_debug_fixture
20260811_212352_867,43,5493.9,synthetic_debug_fixture
20260811_212352_867,44,5700.1,synthetic_debug_fixture
20260811_212352_867,45,5832.2,synthetic_debug_fixture
20260811_212352_867,46,5680.4,synthetic_debug_fixture
20260811_212352_867,47,5940.8,synthetic_debug_fixture
20260811_212352_867,48,5856.9,synthetic_debug_fixture
20260811_212352_867,49,5860.0,synthetic_debug_fixture
20260811_212352_867,50,5810.1,synthetic_debug_fixture
20260811_212352_867,51,6155.2,synthetic_debug_fixture
20260811_212352_867,52,5672.7,synthetic_debug_fixture
20260811_212352_867,53,5330.6,synthetic_debug_fixture
20260811_212352_867,54,6025.7,synthetic_debug_fixture
20260811_212352_867,55,5631.4,synthetic_debug_fixture
20260811_212352_867,56,5740.9,synthetic_debug_fixture
20260811_212352_867,57,5971.8,synthetic_debug_fixture
20260811_212352_867,58,5412.2,synthetic_debug_fixture
20260811_212352_867,59,5478.2,synthetic_debug_fixture
20260811_212352_867,60,5409.1,synthetic_debug_fixture
20260811_212352_867,61,5561.3,synthetic_debug_fixture
20260811_212352_867,62,5794.7,synthetic_debug_fixture
20260811_212352_867,63,5806.7,synthetic_debug_fixture
20260811_212352_867,64,5754.2,synthetic_debug_fixture
20260811_212352_867,65,5424.2,synthetic_debug_fixture
20260811_212352_867,66,5245.6,synthetic_debug_fixture
20260811_212352_867,67,5692.5,synthetic_debug_fixture
20260811_212352_867,68,5583.7,synthetic_debug_fixture
20260811_212352_867,69,5754.0,synthetic_debug_fixture
20260811_212352_867,70,5791.4,synthetic_debug_fixture
20260811_212352_867,71,5673.2,synthetic_debug_fixture
20260811_212352_867,72,5782.1,synthetic_debug_fixture
20260811_212352_867,73,5668.9,synthetic_debug_fixture
20260811_212352_867,74,5714.8,synthetic_debug_fixture
20260811_212352_867,75,5465.2,synthetic_debug_fixture
20260811_212352_867,76,5552.9,synthetic_debug_fixture
20260811_212352_867,77,5611.3,synthetic_debug_fixture
20260811_212352_867,78,5716.6,synthetic_debug_fixture
20260811_212352_867,79,5468.4,synthetic_debug_fixture
20260811_212352_867,80,5628.5,synthetic_debug_fixture
20260811_212352_867,81,5461.1,synthetic_debug_fixture
20260811_212352_867,82,5472.8,synthetic_debug_fixture
20260811_212352_867,83,5637.2,synthetic_debug_fixture
20260811_212352_867,84,5077.4,synthetic_debug_fixture
20260811_212352_867,85,5192.7,synthetic_debug_fixture
20260811_212352_867,86,5138.0,synthetic_debug_fixture
20260811_212352_867,87,4955.1,synthetic_debug_fixture
20260811_212352_867,88,5252.9,synthetic_debug_fixture
20260811_212352_867,89,5506.6,synthetic_debug_fixture
20260811_212352_867,90,5287.1,synthetic_debug_fixture
20260811_212352_867,91,5358.4,synthetic_debug_fixture
20260811_212352_867,92,5507.7,synthetic_debug_fixture
20260811_212352_867,93,5531.3,synthetic_debug_fixture
20260811_212352_867,94,5240.5,synthetic_debug_fixture
20260811_212352_867,95,5490.7,synthetic_debug_fixture
20260811_212352_867,96,5225.1,synthetic_debug_fixture
20260811_212352_867,97,5023.0,synthetic_debug_fixture
20260811_212352_867,98,5045.6,synthetic_debug_fixture
20260811_212352_867,99,4851.2,synthetic_debug_fixture
20260811_212352_867,100,4940.3,synthetic_debug_fixture
20260811_212352_867,101,5017.2,synthetic_debug_fixture
20260811_212352_867,102,5215.1,synthetic_debug_fixture
20260811_212352_867,103,5365.9,synthetic_debug_fixture
20260811_212352_867,104,4744.6,synthetic_debug_fixture
20260811_212352_867,105,5059.6,synthetic_debug_fixture
20260811_212352_867,106,4758.5,synthetic_debug_fixture
20260811_212352_867,107,5023.3,synthetic_debug_fixture
20260811_212352_867,108,4880.8,synthetic_debug_fixture
20260811_212352_867,109,4528.1,synthetic_debug_fixture
20260811_212352_867,110,5031.5,synthetic_debug_fixture
20260811_212352_867,111,4710.6,synthetic_debug_fixture
20260811_212352_867,112,4697.8,synthetic_debug_fixture
20260811_212352_867,113,4568.3,synthetic_debug_fixture
20260811_212352_867,114,4621.5,synthetic_debug_fixture
20260811_212352_867,115,4802.7,synthetic_debug_fixture
20260811_212352_867,116,4657.7,synthetic_debug_fixture
20260811_212352_867,117,4730.7,synthetic_debug_fixture
20260811_212352_867,118,4710.6,synthetic_debug_fixture
20260811_212352_867,119,4868.4,synthetic_debug_fixture
20260811_212352_867,120,4522.8,synthetic_debug_fixture
20260811_212352_867,121,4279.0,synthetic_debug_fixture
20260811_212352_867,122,4741.5,synthetic_debug_fixture
20260811_212352_867,123,4447.2,synthetic_debug_fixture
20260811_212352_867,124,4699.3,synthetic_debug_fixture
20260811_212352_867,125,4533.6,synthetic_debug_fixture
20260811_212352_867,126,4409.7,synthetic_debug_fixture
20260811_212352_867,127,4476.9,synthetic_debug_fixture
20260811_212352_867,128,4760.0,synthetic_debug_fixture
20260811_212352_867,129,4759.8,synthetic_debug_fixture
20260811_212352_867,130,4350.4,synthetic_debug_fixture
20260811_212352_867,131,4344.1,synthetic_debug_fixture
20260811_212352_867,132,4496.7,synthetic_debug_fixture
20260811_212352_867,133,4104.7,synthetic_debug_fixture
20260811_212352_867,134,4308.4,synthetic_debug_fixture
20260811_212352_867,135,4217.3,synthetic_debug_fixture
20260811_212352_867,136,4260.7,synthetic_debug_fixture
20260811_212352_867,137,4019.1,synthetic_debug_fixture
20260811_212352_867,138,3853.0,synthetic_debug_fixture
20260811_212352_867,139,3739.7,synthetic_debug_fixture
20260811_212352_867,140,3903.2,synthetic_debug_fixture
20260811_212352_867,141,4010.2,synthetic_debug_fixture
20260811_212352_867,142,4023.0,synthetic_debug_fixture
20260811_212352_867,143,4432.7,synthetic_debug_fixture
20260811_212352_867,144,4255.2,synthetic_debug_fixture
20260811_212352_867,145,3840.8,synthetic_debug_fixture
20260811_212352_867,146,4075.4,synthetic_debug_fixture
20260811_212352_867,147,3914.3,synthetic_debug_fixture
20260811_212352_867,148,3922.2,synthetic_debug_fixture
20260811_212352_867,149,3997.3,synthetic_debug_fixture
20260811_212352_867,150,4066.2,synthetic_debug_fixture
20260811_212352_867,151,3868.4,synthetic_debug_fixture
20260811_212352_867,152,4124.6,synthetic_debug_fixture
20260811_212352_867,153,3688.5,synthetic_debug_fixture
20260811_212352_867,154,3897.1,synthetic_debug_fixture
20260811_212352_867,155,4383.4,synthetic_debug_fixture
20260811_212352_867,156,3917.0,synthetic_debug_fixture
20260811_212352_867,157,4139.4,synthetic_debug_fixture
20260811_212352_867,158,3872.6,synthetic_debug_fixture
20260811_212352_867,159,3958.1,synthetic_debug_fixture
20260811_212352_867,160,3827.9,synthetic_debug_fixture
20260811_212352_867,161,3799.0,synthetic_debug_fixture
20260811_212352_867,162,3675.7,synthetic_debug_fixture
20260811_212352_867,163,3902.3,synthetic_debug_fixture
20260811_212352_867,164,3651.3,synthetic_debug_fixture
20260811_212352_867,165,3938.3,synthetic_debug_fixture
20260811_212352_867,166,4015.4,synthetic_debug_fixture
20260811_212352_867,167,3874.7,synthetic_debug_fixture
20260811_212352_867,168,3747.3,synthetic_debug_fixture
20260811_212352_867,169,3888.2,synthetic_debug_fixture
20260811_212352_867,170,3741.2,synthetic_debug_fixture
20260811_212352_867,171,3980.2,synthetic_debug_fixture
20260811_212352_867,172,3449.9,synthetic_debug_fixture
20260811_212352_867,173,3738.8,synthetic_debug_fixture
20260811_212352_867,174,3423.3,synthetic_debug_fixture
20260811_212352_867,175,3521.7,synthetic_debug_fixture
20260811_212352_867,176,4074.4,synthetic_debug_fixture
20260811_212352_867,177,3989.0,synthetic_debug_fixture
20260811_212352_867,178,3684.3,synthetic_debug_fixture
20260811_212352_867,179,3540.0,synthetic_debug_fixture
20260811_212352_867,180,3266.0,synthetic_debug_fixture
20260811_212352_867,181,3738.3,synthetic_debug_fixture
20260811_212352_867,182,4315.5,synthetic_debug_fixture
20260811_212352_867,183,3943.1,synthetic_debug_fixture
20260811_212352_867,184,3761.7,synthetic_debug_fixture
20260811_212352_867,185,3968.6,synthetic_debug_fixture
20260811_212352_867,186,3590.5,synthetic_debug_fixture
20260811_212352_867,187,3844.7,synthetic_debug_fixture
20260811_212352_867,188,3933.1,synthetic_debug_fixture
20260811_212352_867,189,3910.3,synthetic_debug_fixture
20260811_212352_867,190,4092.2,synthetic_debug_fixture
20260811_212352_867,191,4020.6,synthetic_debug_fixture
20260811_212352_867,192,4097.5,synthetic_debug_fixture
20260811_212352_867,193,3852.4,synthetic_debug_fixture
20260811_212352_867,194,4172.9,synthetic_debug_fixture
20260811_212352_867,195,4329.8,synthetic_debug_fixture
20260811_212352_867,196,3847.8,synthetic_debug_fixture
20260811_212352_867,197,3881.3,synthetic_debug_fixture
20260811_212352_867,198,4326.4,synthetic_debug_fixture
20260811_212352_867,199,4051.9,synthetic_debug_fixture
20260811_212352_867,200,4377.4,synthetic_debug_fixture
20260811_212352_867,201,4042.7,synthetic_debug_fixture
20260811_212352_867,202,4427.2,synthetic_debug_fixture
20260811_212352_867,203,4193.8,synthetic_debug_fixture
20260811_212352_867,204,4239.3,synthetic_debug_fixture
20260811_212352_867,205,4511.7,synthetic_debug_fixture
20260811_212352_867,206,4163.8,synthetic_debug_fixture
20260811_212352_867,207,4075.0,synthetic_debug_fixture
20260811_212352_867,208,4192.4,synthetic_debug_fixture
20260811_212352_867,209,4388.5,synthetic_debug_fixture
20260811_212352_867,210,4024.6,synthetic_debug_fixture
20260811_212352_867,211,4471.4,synthetic_debug_fixture
20260811_212352_867,212,4269.7,synthetic_debug_fixture
20260811_212352_867,213,4618.0,synthetic_debug_fixture
20260811_212352_867,214,3962.7,synthetic_debug_fixture
20260811_212352_867,215,4296.4,synthetic_debug_fixture
20260811_212352_867,216,4148.8,synthetic_debug_fixture
20260811_212352_867,217,4339.4,synthetic_debug_fixture
20260811_212352_867,218,4571.3,synthetic_debug_fixture
20260811_212352_867,219,4515.2,synthetic_debug_fixture
20260811_212352_867,220,4526.9,synthetic_debug_fixture
20260811_212352_867,221,4571.2,synthetic_debug_fixture
20260811_212352_867,222,4667.0,synthetic_debug_fixture
20260811_212352_867,223,4460.7,synthetic_debug_fixture
20260811_212352_867,224,4816.5,synthetic_debug_fixture
20260811_212352_867,225,4834.5,synthetic_debug_fixture
20260811_212352_867,226,4807.8,synthetic_debug_fixture
20260811_224202_660,0,4724.0,synthetic_debug_fixture
20260811_224202_660,1,5080.8,synthetic_debug_fixture
20260811_224202_660,2,4696.3,synthetic_debug_fixture
20260811_224202_660,3,4676.9,synthetic_debug_fixture
20260811_224202_660,4,4614.1,synthetic_debug_fixture
20260811_224202_660,5,4583.3,synthetic_debug_fixture
20260811_224202_660,6,4565.3,synthetic_debug_fixture
20260811_224202_660,7,4656.3,synthetic_debug_fixture
20260811_224202_660,8,4835.9,synthetic_debug_fixture
20260811_224202_660,9,4936.1,synthetic_debug_fixture
20260811_224202_660,10,4904.1,synthetic_debug_fixture
20260811_224202_660,11,4769.5,synthetic_debug_fixture
20260811_224202_660,12,5111.4,synthetic_debug_fixture
20260811_224202_660,13,5102.5,synthetic_debug_fixture
20260811_224202_660,14,4951.6,synthetic_debug_fixture
20260811_224202_660,15,4878.5,synthetic_debug_fixture
20260811_224202_660,16,5130.5,synthetic_debug_fixture
20260811_224202_660,17,5082.5,synthetic_debug_fixture
20260811_224202_660,18,4789.3,synthetic_debug_fixture
20260811_224202_660,19,5075.0,synthetic_debug_fixture
20260811_224202_660,20,5158.9,synthetic_debug_fixture
20260811_224202_660,21,4956.1,synthetic_debug_fixture
20260811_224202_660,22,5185.2,synthetic_debug_fixture
20260811_224202_660,23,4889.2,synthetic_debug_fixture
20260811_224202_660,24,5444.5,synthetic_debug_fixture
20260811_224202_660,25,5446.6,synthetic_debug_fixture
20260811_224202_660,26,5177.3,synthetic_debug_fixture
20260811_224202_660,27,5314.1,synthetic_debug_fixture
20260811_224202_660,28,4799.8,synthetic_debug_fixture
20260811_224202_660,29,5058.3,synthetic_debug_fixture
20260811_224202_660,30,5241.4,synthetic_debug_fixture
20260811_224202_660,31,5109.0,synthetic_debug_fixture
20260811_224202_660,32,5468.8,synthetic_debug_fixture
20260811_224202_660,33,5731.5,synthetic_debug_fixture
20260811_224202_660,34,5138.0,synthetic_debug_fixture
20260811_224202_660,35,5218.7,synthetic_debug_fixture
20260811_224202_660,36,5439.9,synthetic_debug_fixture
20260811_224202_660,37,5718.8,synthetic_debug_fixture
20260811_224202_660,38,5189.1,synthetic_debug_fixture
20260811_224202_660,39,5485.5,synthetic_debug_fixture
20260811_224202_660,40,5800.8,synthetic_debug_fixture
20260811_224202_660,41,5147.0,synthetic_debug_fixture
20260811_224202_660,42,5230.7,synthetic_debug_fixture
20260811_224202_660,43,5407.5,synthetic_debug_fixture
20260811_224202_660,44,5400.5,synthetic_debug_fixture
20260811_224202_660,45,5667.6,synthetic_debug_fixture
20260811_224202_660,46,5568.6,synthetic_debug_fixture
20260811_224202_660,47,5191.6,synthetic_debug_fixture
20260811_224202_660,48,5641.1,synthetic_debug_fixture
20260811_224202_660,50,5440.4,synthetic_debug_fixture
20260811_224202_660,51,5804.7,synthetic_debug_fixture
20260811_224202_660,52,5447.6,synthetic_debug_fixture
20260811_224202_660,53,5453.6,synthetic_debug_fixture
20260811_224202_660,54,5686.8,synthetic_debug_fixture
20260811_224202_660,55,5736.0,synthetic_debug_fixture
20260811_224202_660,56,5681.7,synthetic_debug_fixture
20260811_224202_660,57,5277.6,synthetic_debug_fixture
20260811_224202_660,58,5709.5,synthetic_debug_fixture
20260811_224202_660,59,5412.1,synthetic_debug_fixture
20260811_224202_660,60,5659.9,synthetic_debug_fixture
20260811_224202_660,61,5344.7,synthetic_debug_fixture
20260811_224202_660,62,5706.7,synthetic_debug_fixture
20260811_224202_660,63,5468.4,synthetic_debug_fixture
20260811_224202_660,64,5378.8,synthetic_debug_fixture
20260811_224202_660,65,5763.4,synthetic_debug_fixture
20260811_224202_660,66,5673.4,synthetic_debug_fixture
20260811_224202_660,67,5509.2,synthetic_debug_fixture
20260811_224202_660,68,5905.3,synthetic_debug_fixture
20260811_224202_660,69,5541.1,synthetic_debug_fixture
20260811_224202_660,70,5630.4,synthetic_debug_fixture
20260811_224202_660,71,5673.8,synthetic_debug_fixture
20260811_224202_660,72,5500.6,synthetic_debug_fixture
20260811_224202_660,73,5706.9,synthetic_debug_fixture
20260811_224202_660,74,5510.3,synthetic_debug_fixture
20260811_224202_660,75,5529.5,synthetic_debug_fixture
20260811_224202_660,76,5865.4,synthetic_debug_fixture
20260811_224202_660,77,5398.7,synthetic_debug_fixture
20260811_224202_660,78,5129.4,synthetic_debug_fixture
20260811_224202_660,79,5895.6,synthetic_debug_fixture
20260811_224202_660,80,6068.9,synthetic_debug_fixture
20260811_224202_660,81,5494.2,synthetic_debug_fixture
20260811_224202_660,82,5192.3,synthetic_debug_fixture
20260811_224202_660,83,5496.1,synthetic_debug_fixture
20260811_224202_660,84,5491.8,synthetic_debug_fixture
20260811_224202_660,85,5500.9,synthetic_debug_fixture
20260811_224202_660,86,5313.6,synthetic_debug_fixture
20260811_224202_660,87,5628.2,synthetic_debug_fixture
20260811_224202_660,88,5606.8,synthetic_debug_fixture
20260811_224202_660,89,5207.7,synthetic_debug_fixture
20260811_224202_660,90,5617.1,synthetic_debug_fixture
20260811_224202_660,91,5864.6,synthetic_debug_fixture
20260811_224202_660,92,5490.7,synthetic_debug_fixture
20260811_224202_660,93,5379.7,synthetic_debug_fixture
20260811_224202_660,94,5403.5,synthetic_debug_fixture
20260811_224202_660,95,5534.8,synthetic_debug_fixture
20260811_224202_660,96,5069.8,synthetic_debug_fixture
20260811_224202_660,97,5418.7,synthetic_debug_fixture
20260811_224202_660,98,5296.8,synthetic_debug_fixture
20260811_224202_660,99,5710.8,synthetic_debug_fixture
20260811_224202_660,100,5306.4,synthetic_debug_fixture
20260811_224202_660,101,5643.5,synthetic_debug_fixture
20260811_224202_660,102,5094.5,synthetic_debug_fixture
20260811_224202_660,103,5401.8,synthetic_debug_fixture
20260811_224202_660,104,5332.8,synthetic_debug_fixture
20260811_224202_660,105,5086.6,synthetic_debug_fixture
20260811_224202_660,106,5269.2,synthetic_debug_fixture
20260811_224202_660,107,5449.3,synthetic_debug_fixture
20260811_224202_660,108,5135.3,synthetic_debug_fixture
20260811_224202_660,109,4853.4,synthetic_debug_fixture
20260811_224202_660,110,5155.3,synthetic_debug_fixture
20260811_224202_660,111,4965.6,synthetic_debug_fixture
20260811_224202_660,112,5053.0,synthetic_debug_fixture
20260811_224202_660,113,5082.7,synthetic_debug_fixture
20260811_224202_660,114,4750.3,synthetic_debug_fixture
20260811_224202_660,115,4746.7,synthetic_debug_fixture
20260811_224202_660,116,5128.4,synthetic_debug_fixture
20260811_224202_660,117,4914.2,synthetic_debug_fixture
20260811_224202_660,118,4500.6,synthetic_debug_fixture
20260811_224202_660,119,5122.1,synthetic_debug_fixture
20260811_224202_660,120,5001.9,synthetic_debug_fixture
20260811_224202_660,121,4790.5,synthetic_debug_fixture
20260811_224202_660,122,4652.6,synthetic_debug_fixture
20260811_224202_660,123,5043.6,synthetic_debug_fixture
20260811_224202_660,124,4927.8,synthetic_debug_fixture
20260811_224202_660,125,5295.7,synthetic_debug_fixture
20260811_224202_660,126,4896.3,synthetic_debug_fixture
20260811_224202_660,127,4867.4,synthetic_debug_fixture
20260811_224202_660,128,4738.1,synthetic_debug_fixture
20260811_224202_660,129,4904.1,synthetic_debug_fixture
20260811_224202_660,130,4844.5,synthetic_debug_fixture
20260811_224202_660,131,4941.9,synthetic_debug_fixture
20260811_224202_660,132,4578.5,synthetic_debug_fixture
20260811_224202_660,133,4572.1,synthetic_debug_fixture
20260811_224202_660,134,4540.8,synthetic_debug_fixture
20260811_224202_660,135,4761.7,synthetic_debug_fixture
20260811_224202_660,136,4874.6,synthetic_debug_fixture
20260811_224202_660,137,4476.0,synthetic_debug_fixture
20260811_224202_660,138,4459.8,synthetic_debug_fixture
20260811_224202_660,139,4579.0,synthetic_debug_fixture
20260811_224202_660,140,4448.9,synthetic_debug_fixture
20260811_224202_660,141,4656.3,synthetic_debug_fixture
20260811_224202_660,142,4018.8,synthetic_debug_fixture
20260811_224202_660,143,4270.1,synthetic_debug_fixture
20260811_224202_660,144,4256.5,synthetic_debug_fixture
20260811_224202_660,145,3939.2,synthetic_debug_fixture
20260811_224202_660,146,4177.8,synthetic_debug_fixture
20260811_224202_660,147,4165.5,synthetic_debug_fixture
20260811_224202_660,148,4281.1,synthetic_debug_fixture
20260811_224202_660,149,4512.1,synthetic_debug_fixture
20260811_224202_660,150,4230.3,synthetic_debug_fixture
20260811_224202_660,151,4058.6,synthetic_debug_fixture
20260811_224202_660,152,4225.0,synthetic_debug_fixture
20260811_224202_660,153,4417.0,synthetic_debug_fixture
20260811_224202_660,154,4008.1,synthetic_debug_fixture
20260811_224202_660,155,4000.8,synthetic_debug_fixture
20260811_224202_660,156,4263.3,synthetic_debug_fixture
20260811_224202_660,157,4094.2,synthetic_debug_fixture
20260811_224202_660,158,4242.1,synthetic_debug_fixture
20260811_224202_660,159,4096.5,synthetic_debug_fixture
20260811_224202_660,160,4215.6,synthetic_debug_fixture
20260811_224202_660,161,3864.1,synthetic_debug_fixture
20260811_224202_660,162,4042.9,synthetic_debug_fixture
20260811_224202_660,163,3987.4,synthetic_debug_fixture
20260811_224202_660,164,3777.5,synthetic_debug_fixture
20260811_224202_660,165,3694.2,synthetic_debug_fixture
20260811_224202_660,166,4109.9,synthetic_debug_fixture
20260811_224202_660,167,3895.1,synthetic_debug_fixture
20260811_224202_660,168,3750.8,synthetic_debug_fixture
20260811_224202_660,169,3913.7,synthetic_debug_fixture
20260811_224202_660,170,4134.2,synthetic_debug_fixture
20260811_224202_660,171,3465.6,synthetic_debug_fixture
20260811_224202_660,172,3602.5,synthetic_debug_fixture
20260811_224202_660,173,3699.4,synthetic_debug_fixture
20260811_224202_660,174,4144.3,synthetic_debug_fixture
20260811_224202_660,175,3905.7,synthetic_debug_fixture
20260811_224202_660,176,3986.9,synthetic_debug_fixture
20260811_224202_660,177,3609.3,synthetic_debug_fixture
20260811_224202_660,178,3602.4,synthetic_debug_fixture
20260811_224202_660,179,3892.9,synthetic_debug_fixture
20260811_224202_660,180,3808.1,synthetic_debug_fixture
20260811_224202_660,181,3892.9,synthetic_debug_fixture
20260811_224202_660,182,3742.5,synthetic_debug_fixture
20260811_224202_660,183,3823.6,synthetic_debug_fixture
20260811_224202_660,184,3792.6,synthetic_debug_fixture
20260811_224202_660,185,3904.2,synthetic_debug_fixture
20260811_224202_660,186,3902.9,synthetic_debug_fixture
20260811_224202_660,187,3430.6,synthetic_debug_fixture
20260811_224202_660,188,3304.3,synthetic_debug_fixture
20260811_224202_660,189,3922.8,synthetic_debug_fixture
20260811_224202_660,190,3953.8,synthetic_debug_fixture
20260811_224202_660,191,3525.5,synthetic_debug_fixture
20260811_224202_660,192,3360.7,synthetic_debug_fixture
20260811_224202_660,193,3733.7,synthetic_debug_fixture
20260811_224202_660,194,3890.8,synthetic_debug_fixture
20260811_224202_660,195,4055.2,synthetic_debug_fixture
20260811_224202_660,196,3807.7,synthetic_debug_fixture
20260811_224202_660,197,3636.2,synthetic_debug_fixture
20260811_224202_660,198,3535.7,synthetic_debug_fixture
20260811_224202_660,199,3709.5,synthetic_debug_fixture
20260811_224202_660,200,3650.5,synthetic_debug_fixture
20260811_224202_660,201,3514.3,synthetic_debug_fixture
20260811_224202_660,202,4104.3,synthetic_debug_fixture
20260811_224202_660,203,4056.1,synthetic_debug_fixture
20260811_224202_660,204,3934.3,synthetic_debug_fixture
20260811_224202_660,205,3542.8,synthetic_debug_fixture
20260811_224202_660,206,3887.7,synthetic_debug_fixture
20260811_224202_660,207,3850.8,synthetic_debug_fixture
20260811_224202_660,208,3818.0,synthetic_debug_fixture
20260811_224202_660,209,3978.6,synthetic_debug_fixture
20260811_224202_660,210,3866.7,synthetic_debug_fixture
20260811_224202_660,211,3893.4,synthetic_debug_fixture
20260811_224202_660,212,3880.8,synthetic_debug_fixture
20260811_224202_660,213,3831.6,synthetic_debug_fixture
20260811_224202_660,214,3431.8,synthetic_debug_fixture
20260811_224202_660,215,3799.0,synthetic_debug_fixture
20260811_224202_660,216,3685.4,synthetic_debug_fixture
20260811_224202_660,217,3556.1,synthetic_debug_fixture
20260811_224202_660,218,4134.9,synthetic_debug_fixture
20260811_224202_660,219,4154.7,synthetic_debug_fixture
20260811_224202_660,220,4094.8,synthetic_debug_fixture
20260811_224202_660,221,3894.5,synthetic_debug_fixture
20260811_224202_660,222,4116.9,synthetic_debug_fixture
20260811_224202_660,223,3872.4,synthetic_debug_fixture
20260811_224202_660,224,3922.1,synthetic_debug_fixture
20260811_224202_660,225,3686.6,synthetic_debug_fixture
20260811_224202_660,226,3986.7,synthetic_debug_fixture
20260811_224202_660,227,3936.4,synthetic_debug_fixture
20260811_224202_660,228,3689.5,synthetic_debug_fixture
20260811_224202_660,229,3944.9,synthetic_debug_fixture
20260811_224202_660,230,3955.0,synthetic_debug_fixture
20260811_224202_660,231,4331.4,synthetic_debug_fixture
20260811_224202_660,232,4174.3,synthetic_debug_fixture
20260811_224202_660,233,4021.6,synthetic_debug_fixture
20260811_224202_660,234,4084.3,synthetic_debug_fixture
20260811_224202_660,235,4062.5,synthetic_debug_fixture
20260811_224202_660,236,4032.8,synthetic_debug_fixture
20260811_224202_660,237,3882.1,synthetic_debug_fixture
20260811_224202_660,238,4079.4,synthetic_debug_fixture
20260811_224202_660,239,3984.0,synthetic_debug_fixture
20260811_224202_660,240,3906.3,synthetic_debug_fixture
20260811_224202_660,241,4263.9,synthetic_debug_fixture
20260811_224202_660,242,4260.6,synthetic_debug_fixture
20260811_224202_660,243,3862.4,synthetic_debug_fixture
20260811_224202_660,244,4202.1,synthetic_debug_fixture
20260811_224202_660,245,4437.4,synthetic_debug_fixture
20260811_224202_660,246,4470.3,synthetic_debug_fixture
20260811_224202_660,247,4484.8,synthetic_debug_fixture
20260811_224202_660,248,4316.5,synthetic_debug_fixture
20260811_224202_660,249,4168.2,synthetic_debug_fixture
20260811_224202_660,250,4143.9,synthetic_debug_fixture
20260811_224202_660,251,4439.9,synthetic_debug_fixture
20260811_224202_660,252,4468.5,synthetic_debug_fixture
20260811_224202_660,253,4664.9,synthetic_debug_fixture
20260811_224202_660,254,4651.2,synthetic_debug_fixture
20260811_224202_660,255,4436.9,synthetic_debug_fixture
20260811_224202_660,256,4245.9,synthetic_debug_fixture
20260811_224202_660,257,4446.1,synthetic_debug_fixture
20260811_224202_660,258,4571.7,synthetic_debug_fixture
20260811_224202_660,259,4513.9,synthetic_debug_fixture
20260811_224202_660,260,4464.6,synthetic_debug_fixture
20260811_224202_660,261,4646.9,synthetic_debug_fixture
20260811_224202_660,262,4524.5,synthetic_debug_fixture
20260811_224202_660,263,4523.6,synthetic_debug_fixture
